{"cameraMode":{"drawMode":0,"name":"Shaded","section":"Shading Mode"},"sceneLighting":true,"audioPlay":false,"sceneViewState":{"m_AlwaysRefresh":false,"showFog":true,"showSkybox":true,"showFlares":true,"showImageEffects":true,"showParticleSystems":true,"showVisualEffectGraphs":true,"m_FxEnabled":true},"in2DMode":false,"pivot":{"x":0.9499348998069763,"y":-4.279331207275391,"z":5.777000427246094},"rotation":{"x":-0.38736894726753237,"y":-0.012982518412172795,"z":0.005468934774398804,"w":-0.9218379855155945},"size":13.086753845214844,"orthographic":false}